202001001;ADH COTIS;468,00 €;ACABRED;Adhésion 2020;06/01/2020;; -   € ; 468,00 € ;30/01/2020;Chq N°5957551;AVOIR DE 20€ N°202003105 (Demander RIB)
202001002;ADH COTIS;396,00 €;ALBRET COMMUNAUTÉ;Adhésion 2020;06/01/2020;;396,00 €;;;;
202001003;ADH COTIS;384,00 €;ALENCON;Adhésion 2020;06/01/2020;; 30,00 € ; 354,00 € ;02/03/2020;Chq N°3917426;AVOIR DE 30€ N°202003009
202001004;ADH COTIS;252,00 €;ARGENTAN;Adhésion 2020;06/01/2020;;252,00 €;;;;
202001005;ADH COTIS;384,00 €;AUCH;Adhésion 2020;06/01/2020;;384,00 €;;;;
202001006;ADH COTIS;912,00 €;BEAUVAIS;Adhésion 2020;06/01/2020;; 70,00 € ; 842,00 € ;01/02/2020;Chq N°7260406;AVOIR DE 70€ N°202003005 
202001007;ADH COTIS;252,00 €;BELLEVILLE;Adhésion 2020;06/01/2020;; -   € ; 252,00 € ;18/03/2020;Virement Bancaire;AVOIR DE 20€ N°202003106 (Demander Rib)
202001008;ADH COTIS;1 080,00 €;BESANCON;Adhésion 2020;06/01/2020;;; 990,00 € ;31/01/2020;Chq N°8394988;AVOIR DE 90€ N°202003006
202001009;ADH COTIS;648,00 €;BLOIS;Adhésion 2020;06/01/2020;; 50,00 € ; 598,00 € ;04/02/2020;Virement bancaire ;AVOIR DE 50€ N°202003046
202001010;ADH COTIS;252,00 €;BOURG SAINT MAURICE;Adhésion 2020;06/01/2020;;; 232,00 € ;02/02/2020;Chq N°5001321;AVOIR DE 20€ N°202003007
202001011;ADH COTIS;1 080,00 €;BREST;Adhésion 2020;06/01/2020;;; 990,00 € ;22/02/2020;Chq N°4852787;AVOIR DE 90€ N°202003007
202001012;ADH COTIS;1 080,00 €;CAEN;Adhésion 2020;06/01/2020;; 90,00 € ; 990,00 € ;06/01/2020;Chq N°1755062;AVOIR DE 90€ N°202003010
202001013;ADH COTIS;384,00 €;CAP VAL DE SULLY (BONNEE);Adhésion 2020;06/01/2020;;384,00 €;;;;
202001014;ADH COTIS;648,00 €;CARCASSONNE;Adhésion 2020;06/01/2020;;648,00 €;;;;
202001015;ADH COTIS;252,00 €;CARENTAN;Adhésion 2020;06/01/2020;;252,00 €;;;;
202001016;ADH COTIS;384,00 €;CARPENTRAS;Adhésion 2020;06/01/2020;;384,00 €;;;;
202001017;ADH COTIS;252,00 €;CASTELNAUDARY;Adhésion 2020;06/01/2020;;252,00 €;;;;
202001018;ADH COTIS;252,00 €;CASTELSARRASIN;Adhésion 2020;06/01/2020;; -   € ; 252,00 € ;05/02/2020;Virement bancaire ;AVOIR DE 20€ N°202003107 (Demander RIB)
202001019;ADH COTIS;384,00 €;CAUDRY;Adhésion 2020;06/01/2020;; 30,00 € ; 354,00 € ;17/02/2020;Virement bancaire ;AVOIR DE 30€ N°202003048
202001020;ADH COTIS;1 968,00 €;DEUX SEVRES;Adhésion 2020;06/01/2020;; -   € ; 1 968,00 € ;27/02/2020;Virement bancaire ;AVOIR DE 50€ N°202003108 (Demander RIB)
202001021;ADH COTIS;1 062,00 €;CCI MORBIHAN;Adhésion 2020;06/01/2020;; 90,00 € ; 972,00 € ;03/03/2020;Virement bancaire ;AVOIR DE 90€ N°202003049
202001022;ADH COTIS;720,00 €;CCI SEINE ESTUAIRE;Adhésion 2020;06/01/2020;; -   € ; 720,00 € ;10/02/2020;Virement bancaire ;AVOIR DE 70€ N°202003137 (Demander RIB)
202001023;ADH COTIS;648,00 €;CHALONS EN CHAMPAGNE;Adhésion 2020;06/01/2020;; 50,00 € ; 598,00 € ;04/03/2020;Virement bancaire ;AVOIR DE 50€ N°202003050
202001024;ADH COTIS;384,00 €;CHARENTON-LE-PONT;Adhésion 2020;06/01/2020;; -   € ; 384,00 € ;06/02/2020;Virement bancaire ;AVOIR DE 30€ N°202003109 (Demander RIB)
202001025;ADH COTIS;120,00 €;CHARITE SUR LOIRE;Adhésion 2020;06/01/2020;; 10,00 € ; 110,00 € ;17/02/2020;Chq N°4319141;AVOIR DE 10€ N°202003011
202001026;ADH COTIS;453,60 €;CHARLEVILLE MEZIERES (Vitrines);Adhésion 2020;06/01/2020;; 30,00 € ; 423,60 € ;07/02/2020;Chq N°6502218;AVOIR DE 30€ N°202003012
202001027;ADH COTIS;453,60 €;CHARLEVILLE MEZIERES (Mairie);Adhésion 2020;06/01/2020;; -   € ; 453,60 € ;05/03/2020;Virement bancaire ;AVOIR DE 50€ N°202003109 (Demander RIB)
202001028;ADH COTIS;648,00 €;CHARTRES;Adhésion 2020;06/01/2020;; 50,00 € ; 598,00 € ;28/01/2020;Virement bancaire ;AVOIR DE 50€ N°202003051
202001029;ADH COTIS;648,00 €;CHATELLERAULT;Adhésion 2020;06/01/2020;;; 598,00 € ;25/02/2020;Chq N°8611305;AVOIR DE 50€ N°202003052
202001030;ADH COTIS;912,00 €;COLMAR;Adhésion 2020;06/01/2020;; 70,00 € ; 842,00 € ;13/03/2020;Virement bancaire;AVOIR DE 70€ N°202003053
202001031;ADH COTIS;432,00 €;COM AGGLO TARN ET DADOU;Adhésion 2020;06/01/2020;;432,00 €;;;;
202001032;ADH COTIS;252,00 €;COM COM HAM;Adhésion 2020;06/01/2020;; 20,00 € ; 232,00 € ;07/02/2020;Virement bancaire ;AVOIR DE 20€ N°202003054
202001033;ADH COTIS;442,80 €;"COM COM COEUR DE FRANCE 
(Saint Amand Montrond)";Adhésion 2020;06/01/2020;;442,80 €;;;;
202001034;ADH COTIS;252,00 €;COUTANCES;Adhésion 2020;06/01/2020;;; 232,00 € ;27/01/2020;Chq N°0605223;AVOIR DE 20€ N°202003055
202001035;ADH COTIS;252,00 €;CREST;Adhésion 2020;06/01/2020;; 20,00 € ; 232,00 € ;29/01/2020;Chq N°3579087;AVOIR DE 20€ N°202003056
202001036;ADH COTIS;192,00 €;DAX - Association;Adhésion 2020;06/01/2020;;; 162,00 € ;31/01/2020;Chq N°0003270;AVOIR DE 30€ N°202003057
202001037;ADH COTIS;192,00 €;DAX - Ville;Adhésion 2020;06/01/2020;; -   € ; 192,00 € ;05/02/2020;Virement bancaire ;AVOIR DE 30€ N°202003111 (Demander RIB)
202001038;ADH COTIS;252,00 €;DINAN;Adhésion 2020;06/01/2020;;252,00 €;;;;
202001039;ADH COTIS;384,00 €;ELBEUF;Adhésion 2020;06/01/2020;; 30,00 € ; 354,00 € ;10/02/2020;Chq N°0001854;AVOIR DE 30€ N°202003112
202001040;ADH COTIS;384,00 €;EPERNAY;Adhésion 2020;06/01/2020;; 30,00 € ; 354,00 € ;10/02/2020;Virement bancaire ;AVOIR DE 30€ N°202003058
202001041;ADH COTIS;384,00 €;FECAMPS;Adhésion 2020;06/01/2020;; 30,00 € ; 354,00 € ;27/01/2020;Virement bancaire ;AVOIR DE 30€ N°202003059
202001042;ADH COTIS;252,00 €;FERNEY VOLTAIRE;Adhésion 2020;06/01/2020;; -   € ; 252,00 € ;29/01/2020;Chq N°3122406;AVOIR DE 20€ N°202003113 (Demander RIB)
202001043;ADH COTIS;252,00 €;FIGEAC;Adhésion 2020;06/01/2020;;; 232,00 € ;30/01/2020;Chq N°0001452;AVOIR DE 20€ N°202003060
202001044;ADH COTIS;384,00 €;FIRMINY;Adhésion 2020;06/01/2020;; 30,00 € ; 354,00 € ;05/02/2020;Chq N°6486279;AVOIR DE 30€ N°202003061
202001045;ADH COTIS;912,00 €;FREJUS (ville);Adhésion 2020;06/01/2020;; -   € ; 912,00 € ;12/03/2020;Virement bancaire ;AVOIR DE 70€ N°202003114 (Demander RIB)
202001046;ADH COTIS;648,00 €;GAP;Adhésion 2020;06/01/2020;;; 598,00 € ;28/01/2020;Chq N°0280632;AVOIR DE 50€ N°202003062
202001047;ADH COTIS;252,00 €;GENAS ;Adhésion 2020;06/01/2020;;252,00 €;;;;
202001048;ADH COTIS;252,00 €;GIVET;Adhésion 2020;06/01/2020;; 20,00 € ; 232,00 € ;24/01/2020;Chq N°1652481;AVOIR DE 20€ N°202003063
202001049;ADH COTIS;252,00 €;GRANVILLE;Adhésion 2020;06/01/2020;; -   € ; 252,00 € ;20/01/2020;Chq N°8004462;AVOIR DE 20€ N°202003115 (Demander RIB)
202001050;ADH COTIS;252,00 €;GUEBWILLER;Adhésion 2020;06/01/2020;; -   € ; 232,00 € ;11/02/2020;Chq N°7081467;AVOIR DE 20€ N°202003064
202001051;ADH COTIS;384,00 €;HENIN BEAUMONT;Adhésion 2020;06/01/2020;; 30,00 € ; 354,00 € ;16/03/2020;Virement bancaire;AVOIR DE 30€ N°202003065
202001052;ADH COTIS;912,00 €;HYERES;Adhésion 2020;06/01/2020;;912,00 €;;;;
202001053;ADH COTIS;252,00 €;LA FERTE SOUS JOUARRE;Adhésion 2020;06/01/2020;; -   € ; 252,00 € ;19/02/2020;Virement bancaire ;AVOIR DE 20€ N°202003116 (Demander RIB)
202001054;ADH COTIS;252,00 €;LAMBALLE;Adhésion 2020;06/01/2020;; 20,00 € ; 232,00 € ;11/02/2020;Virement bancaire ;AVOIR DE 20€ N°202003066
202001055;ADH COTIS;648,00 €;LAVAL;Adhésion 2020;06/01/2020;;648,00 €;;;;
202001056;ADH COTIS;252,00 €;LE CHAMBON FEUGEROLLES;Adhésion 2020;06/01/2020;;; 232,00 € ;05/02/2020;Chq N°0001673;AVOIR DE 20€ N°202003067
202001057;ADH COTIS;1 080,00 €;LE MANS;Adhésion 2020;06/01/2020;;1 080,00 €;;;;
202001058;ADH COTIS;384,00 €;LE PUY EN VELAY;Adhésion 2020;06/01/2020;; 30,00 € ; 354,00 € ;14/02/2020;Virement bancaire ;AVOIR DE 30€ N°202003068
202001059;ADH COTIS;252,00 €;LE TEIL;Adhésion 2020;06/01/2020;;252,00 €;;;;
202001060;ADH COTIS;384,00 €;LES HERBIERS;Adhésion 2020;06/01/2020;; 30,00 € ; 354,00 € ;28/01/2020;Chq N°5246717;AVOIR DE 30€ N°202003069
202001061;ADH COTIS;252,00 €;LEZIGNAN CORBIERE;Adhésion 2020;06/01/2020;;252,00 €;;;;
202001062;ADH COTIS;1 080,00 €;LIMOGES;Adhésion 2020;06/01/2020;; -   € ; 1 080,00 € ;20/01/2020;Chq N°0000060;Facture N°201908009 réglée avec le même chq
202001063;ADH COTIS;252,00 €;LONGWY;Adhésion 2020;06/01/2020;; -   € ; 252,00 € ;18/02/2020;Virement bancaire ;AVOIR DE 20€ N°202003117 (Demander RIB)
202001064;ADH COTIS;384,00 €;LONS LE SAUNIER - FEDE JURA;Adhésion 2020;06/01/2020;;; 354,00 € ;03/02/2020;Chq N°5011014;AVOIR DE 30€ N°202003070
202001065;ADH COTIS;384,00 €;LUNEVILLE;Adhésion 2020;06/01/2020;; -   € ; 384,00 € ;29/01/2020;Chq N°0000223;AVOIR DE 30€ N°202003118 (Demander RIB)
202001066;ADH COTIS;1 080,00 €;Luxembourg;Adhésion 2020;06/01/2020;; 90,00 € ; 990,00 € ;11/02/2020;Virement bancaire ;AVOIR DE 90€ N°202003071
202001067;ADH COTIS;1 080,00 €;MARSEILLE;Adhésion 2020;06/01/2020;;1 080,00 €;;;;
202001068;ADH COTIS;252,00 €;MASEVAUX;Adhésion 2020;06/01/2020;;252,00 €;;;;
202001069;ADH COTIS;648,00 €;MAUBEUGE - ASSO;Adhésion 2020;06/01/2020;;648,00 €;;;;
202001070;ADH COTIS;598,00 €;MAUBEUGE - VILLE;Adhésion 2020;06/01/2020;;598,00 €;;;;
202001071;ADH COTIS;384,00 €;MAUREPAS;Adhésion 2020;06/01/2020;;384,00 €;;;;Faire avoir car n'adhère plus
202001072;ADH COTIS;214,20 €;MAYENNE;Adhésion 2020;06/01/2020;; 20,00 € ;194,20 €;27/01/2020;Virement bancaire ;AVOIR DE 20€ N°202003072
202001073;ADH COTIS;912,00 €;MEAUX;Adhésion 2020;06/01/2020;;912,00 €;;;;Faire avoir car n'adhère plus
202001074;ADH COTIS;648,00 €;MELUN;Adhésion 2020;06/01/2020;; 50,00 € ; 598,00 € ;06/02/2020;Virement bancaire ;AVOIR DE 50€ N°202003073
202001075;ADH COTIS;252,00 €;MENDE;Adhésion 2020;06/01/2020;;; 232,00 € ;03/02/2020;Chq N°78436055;AVOIR DE 20€ N°202003074
202001076;ADH COTIS;384,00 €;MONTARGIS;Adhésion 2020;06/01/2020;;384,00 €;;;;
202001077;ADH COTIS;912,00 €;MONTAUBAN;Adhésion 2020;06/01/2020;;912,00 €;;;;
202001078;ADH COTIS;648,00 €;MONTBRISON MES BOUTIK;Adhésion 2020;06/01/2020;; -   € ; 648,00 € ;13/02/2020;Chq N°6727606;AVOIR DE 50€ N°202003119 (Demander RIB)
202001079;ADH COTIS;408,00 €;MONTFORT COMMUNAUTE;Adhésion 2020;06/01/2020;; 30,00 € ; 378,00 € ;06/02/2020;Virement bancaire ;AVOIR DE 30€ N°202003075
202001080;ADH COTIS;648,00 €;MONTLUCON;Adhésion 2020;06/01/2020;;648,00 €;;;;
202001081;ADH COTIS;320,00 €;MORGES (Suise);Adhésion 2020;06/01/2020;; 30,00 € ; 290,00 € ;13/03/2020;Virement bancaire;AVOIR DE 30€ N°202003076
202001082;ADH COTIS;384,00 €;MORTAINAIS;Adhésion 2020;06/01/2020;;384,00 €;;;;
202001083;ADH COTIS;252,00 €;MORTEAU;Adhésion 2020;06/01/2020;;252,00 €;;;;
202001084;ADH COTIS;1 080,00 €;MULHOUSE;Adhésion 2020;06/01/2020;;1 080,00 €;;;;
202001085;ADH COTIS;912,00 €;NANCY;Adhésion 2020;06/01/2020;; 70,00 € ; 842,00 € ;06/02/2020;Virement bancaire ;AVOIR DE 70€ N°202003077
202001086;ADH COTIS;1 080,00 €;NANTES;Adhésion 2020;06/01/2020;; 90,00 € ; 990,00 € ;07/02/2020;Virement bancaire ;AVOIR DE 90€ N°202003078
202001087;ADH COTIS;760,00 €;NOUMEA (Nouvelle Calédonie);Adhésion 2020;06/01/2020;;760,00 €;;;;
202001088;ADH COTIS;252,00 €;NYONS;Adhésion 2020;06/01/2020;;252,00 €;;;;
202001089;ADH COTIS;252,00 €;OFFICE DE COMMERCE ISSOIRE;Adhésion 2020;06/01/2020;;; 232,00 € ;28/01/2020;Chq N°6094039;AVOIR DE 20€ N°202003079
202001090;ADH COTIS;648,00 €;OLORON SAINTE MARIE;Adhésion 2020;06/01/2020;;648,00 €;;;;
202001091;ADH COTIS;648,00 €;PERIGUEUX;Adhésion 2020;06/01/2020;; -   € ; 648,00 € ;27/01/2020;Chq N°6997824;AVOIR DE 50€ N°202003120 (Demander RIB)
202001092;ADH COTIS;384,00 €;PIERREFITTE SUR SEINE;Adhésion 2020;06/01/2020;;384,00 €;;;;
202001093;ADH COTIS;384,00 €;PONTOISE;Adhésion 2020;06/01/2020;;384,00 €;;;;
202001094;ADH COTIS;384,00 €;RAMBOUILLET;Adhésion 2020;06/01/2020;;384,00 €;;;;
202001095;ADH COTIS;918,00 €;REIMS;Adhésion 2020;06/01/2020;; 90,00 € ; 828,00 € ;09/03/2020;Virement bancaire ;AVOIR DE 90€ N°202003080
202001096;ADH COTIS;990,00 €;RENNES;Adhésion 2020;06/01/2020;; -   € ; 990,00 € ;26/02/2020;Virement bancaire ;Facture modifié sur demande de notre adh car chkdo déduit avant paiement, donc pas besoin d'avoir
202001097;ADH COTIS;252,00 €;REVEL;Adhésion 2020;06/01/2020;; -   € ; 252,00 € ;11/02/2020;Virement bancaire ;AVOIR DE 20€ N°202003121 (Demander RIB)
202001098;ADH COTIS;1 080,00 €;ROUEN;Adhésion 2020;06/01/2020;;; 990,00 € ;04/03/2020;Chq N°7672412;AVOIR DE 90€ N°202003081
202001099;ADH COTIS;252,00 €;SAINT AMAND MONTROND ;Adhésion 2020;06/01/2020;; 20,00 € ; 232,00 € ;06/01/2020;Virement bancaire ;AVOIR DE 20€ N°202003082
202001100;ADH COTIS;648,00 €;SAINT BRIEUC;Adhésion 2020;06/01/2020;;; 598,00 € ;21/02/2020;Chq N°4073830;AVOIR DE 50€ N°202003083
202001101;ADH COTIS;384,00 €;SAINT DIE DES VOSGES;Adhésion 2020;06/01/2020;;384,00 €;;;;Faire avoir car n'adhère plus
202001102;ADH COTIS;648,00 €;SAINT DIZIER;Adhésion 2020;06/01/2020;;; 598,00 € ;03/03/2020;Chq N°5415755;AVOIR DE 50€ N°202003084
202001103;ADH COTIS;252,00 €;SAINT JEAN DE MAURIENNE;Adhésion 2020;06/01/2020;;; 232,00 € ;11/02/2020;Chq N°8585872;AVOIR DE 20€ N°202003085
202001104;ADH COTIS;384,00 €;SAINT LO;Adhésion 2020;06/01/2020;;; 354,00 € ;21/02/2020;Chq N°4614103;AVOIR DE 30€ N°202003086
202001105;ADH COTIS;252,00 €;SAINT OMER;Adhésion 2020;06/01/2020;;; 232,00 € ;23/01/2020;Chq N°9446598;AVOIR DE 20€ N°202003087
202001106;ADH COTIS;912,00 €;SAINT PIERRE (REUNION);Adhésion 2020;06/01/2020;; -   € ; 912,00 € ;02/03/2020;Virement bancaire ;AVOIR DE 70€ N°202003122 (Demander RIB)
202001107;ADH COTIS;252,00 €;SAINTE MENEHOULD;Adhésion 2020;06/01/2020;;252,00 €;;;;
202001108;ADH COTIS;1 440,00 €;SAONE ET LOIRE;Adhésion 2020;06/01/2020;; -   € ; 1 440,00 € ;27/01/2020;Virement bancaire ;AVOIR DE 90€ N°202003135
202001109;ADH COTIS;252,00 €;SARLAT LA CANEDA;Adhésion 2020;06/01/2020;; 20,00 € ; 232,00 € ;24/01/2020;Chq N°2511474;AVOIR DE 20€ N°202003088
202001110;ADH COTIS;384,00 €;SARREGUEMINES;Adhésion 2020;06/01/2020;; 30,00 € ; 354,00 € ;30/01/2020;Virement bancaire ;AVOIR DE 30€ N°202003089
202001111;ADH COTIS;252,00 €;SAVERNE;Adhésion 2020;06/01/2020;;252,00 €;;;;
202001112;ADH COTIS;384,00 €;SELESTAT;Adhésion 2020;06/01/2020;;; 354,00 € ;24/01/2020;Chq N°7825126;AVOIR DE 30€ N°202003090
202001113;ADH COTIS;384,00 €;SENLIS;Adhésion 2020;06/01/2020;; 30,00 € ; 354,00 € ;10/03/2020;Virement bancaire ;AVOIR DE 30€ N°202003091
202001114;ADH COTIS;1 080,00 €;STRASBOURG;Adhésion 2020;06/01/2020;; 90,00 € ; 990,00 € ;23/01/2020;Chq N°0368614;AVOIR DE 90€ N°202003092
202001115;ADH COTIS;1 080,00 €;TOULON;Adhésion 2020;06/01/2020;; 90,00 € ; 990,00 € ;18/02/2020;Virement bancaire ;AVOIR DE 90€ N°202003093
202001116;ADH COTIS;1 080,00 €;TOURS;Adhésion 2020;06/01/2020;; 90,00 € ; 990,00 € ;10/02/2020;Virement bancaire ;AVOIR DE 90€ N°202003094
202001117;ADH COTIS;912,00 €;TROYES;Adhésion 2020;06/01/2020;;912,00 €;;;;
202001118;ADH COTIS;504,00 €;UCHVO;Adhésion 2020;06/01/2020;; 40,00 € ; 464,00 € ;05/03/2020;Virement bancaire ;AVOIR DE 40€ N°202003095
202001119;ADH COTIS;252,00 €;VAISON LA ROMAINE;Adhésion 2020;06/01/2020;;252,00 €;;;;
202001120;ADH COTIS;912,00 €;VALENCE;Adhésion 2020;06/01/2020;; -   € ; 912,00 € ;16/03/2020;Chq N°5841045;AVOIR DE 70€ N°202003133 (Demander RIB)
202001121;ADH COTIS;252,00 €;VERNEUIL D'AVRE ET D'ITTON;Adhésion 2020;06/01/2020;; -   € ; 252,00 € ;12/03/2020;Chq N°2636075;AVOIR DE 20€ N°202003136 (Demander RIB)
202001122;ADH COTIS;268,80 €;VERNON;Adhésion 2020;06/01/2020;;268,80 €;;;;
202001123;ADH COTIS;384,00 €;VIERZON;Adhésion 2020;06/01/2020;; 30,00 € ; 354,00 € ;12/03/2020;Chq N°0573240;AVOIR DE 30€ N°202003134
202001124;ADH COTIS;252,00 €;VILLAINE LA JUHEL;Adhésion 2020;06/01/2020;;252,00 €;;;;
202001125;ADH COTIS;384,00 €;VILLENEUVE SUR LOT;Adhésion 2020;06/01/2020;;384,00 €;;;;Faire avoir car n'adhère plus
202001126;ADH COTIS;252,00 €;VIRE;Adhésion 2020;06/01/2020;; 20,00 € ; 232,00 € ;30/01/2020;Virement bancaire ;AVOIR DE 20€ N°202003096
202001127;ADH COTIS;272,00 €;YVERDON LES BAINS (Suisse);Adhésion 2020;06/01/2020;; 30,00 € ; 242,00 € ;31/01/2020;Virement bancaire ;AVOIR DE 30€ N°202003097
202001128;ANIM;106,08 €;SAONE ET LOIRE;Frais de gestion CHKDO Décembre 2019;02/01/2020;; -   € ; 106,08 € ;06/01/2020;Chq N°4454299;
202001129;ANIM;310,49 €;GRAND CHAROLAIS;Frais de gestion CHKDO Décembre 2019;02/01/2020;; -   € ; 310,49 € ;06/01/2020;Chq N°4454300;
202001130;ANIM;1 230,00 €;STRASBOURG;Frais de gestion CHKDO 2019;02/01/2020;;1 230,00 €;;;;
202001131;CHKDO2;153,35 €;DEUX SEVRES ;Frais postaux CHKDO Décembre 2019;02/01/2020;; -   € ; 153,35 € ;27/01/2020;Virement bancaire ;
202001132;CHKDO2;26,70 €;ALENCON;Frais postaux CHKDO 4ème trimestre 2018;02/01/2020;; -   € ; 26,70 € ;02/03/2020;Chq N°3917427;
202001133;CHKDO2;125,80 €;ARGENTAN ;Frais postaux CHKDO 4ème trimestre 2018;02/01/2020;; -   € ; 125,80 € ;03/01/2020;Chq N°8569709;
202001134;CHKDO2;92,18 €;BELFORT ;Frais postaux CHKDO 4ème trimestre 2018;02/01/2020;;92,18 €;;;;
202001135;CHKDO2;54,70 €;BOURG SAINT MAURICE;Frais postaux CHKDO 4ème trimestre 2018;02/01/2020;; -   € ; 54,70 € ;02/02/2020;Chq N°5001322;
202001136;CHKDO2;117,90 €;CAP VAL DE SULLY (BONNEE);Frais postaux CHKDO 4ème trimestre 2018;02/01/2020;;117,90 €;;;;
202001137;CHKDO2;71,50 €;CARENTAN ;Frais postaux CHKDO 4ème trimestre 2018;02/01/2020;; -   € ; 71,50 € ;02/01/2020;Virement bancaire ;
202001138;CHKDO2;118,70 €;LE GRAND CHAROLAIS ;Frais postaux CHKDO 4ème trimestre 2019;02/01/2020;; -   € ; 118,70 € ;05/01/2020;Chq N°4454301;
202001139;CHKDO2;32,90 €;LE TEIL ;Frais postaux CHKDO 4ème trimestre 2018;02/01/2020;;32,90 €;;;;
202001140;CHKDO2;82,10 €;LONGWY;Frais postaux CHKDO 4ème trimestre 2018;02/01/2020;; -   € ; 82,10 € ;21/01/2020;Virement bancaire ;
202001141;CHKDO2;11,55 €;MONTBRISON MES BOUTIK;Frais postaux CHKDO 4ème trimestre 2018;02/01/2020;; -   € ; 11,55 € ;10/01/2020;Chq N°6322264;
202001142;CHKDO2;143,78 €;MONTFORT COMMUNAUTE;Frais postaux CHKDO 4ème trimestre 2018;02/01/2020;; -   € ; 143,78 € ;02/01/2020;Virement bancaire ;
202001143;CHKDO2;46,35 €;SAINT CHAMOND ;Frais postaux CHKDO 4ème trimestre 2018;02/01/2020;; -   € ; 46,35 € ;04/01/2020;Chq N°3845308;
202001144;CHKDO2;102,45 €;SAONE ET LOIRE;Frais postaux CHKDO 4ème trimestre 2019;02/01/2020;; -   € ; 102,45 € ;05/01/2020;Chq N°4454298;
202001145;CHKDO2;17,55 €;SARREGUEMINES;Frais postaux CHKDO 4ème trimestre 2018;02/01/2020;; -   € ; 17,55 € ;14/01/2020;Virement bancaire ;
202001146;CHKDO2;92,95 €;SAVERNE;Frais postaux CHKDO 4ème trimestre 2018;02/01/2020;; -   € ; 92,95 € ;15/01/2020;Virement bancaire ;
202001147;CHKDO2;16,45 €;SENLIS;Frais postaux CHKDO 4ème trimestre 2018;02/01/2020;;16,45 €;;;;
202001148;CHKDO2;35,85 €;STRASBOURG;Frais postaux CHKDO 4ème trimestre 2018;02/01/2020;; -   € ; 35,85 € ;15/01/2020;Chq N°0000804;
202001149;CHKDO2;17,55 €;TOURS;Frais postaux CHKDO 4ème trimestre 2018;02/01/2020;; -   € ; 17,55 € ;10/01/2020;Chq N°3514667;
202001150;CHKDO2;11,70 €;UCHVO;Frais postaux CHKDO 4ème trimestre 2018;02/01/2020;;11,70 €;;;;
202001151;CHKDO2;139,25 €;VILLAINES LA JUHEL ;Frais postaux CHKDO 4ème trimestre 2018;02/01/2020;;139,25 €;;;;
202001152;CHKDO;1 398,00 €;BESANCON;Commande Exceptionnelle 3 000 chkdo;06/01/2020;; -   € ; 1 398,00 € ;24/01/2020;Chq N°8394967;
202001153;ADH COTIS;384,00 €;VESOUL;Adhésion 2020;15/01/2020;;384,00 €;;;;
202001154;CHKDO;364,22 €;MONTBRISON MES BOUTIK;Vitrophanies (mise au format + impression 200 ex);15/01/2020;; -   € ; 364,22 € ;15/01/2020;Chq N°6322292;
202001155;CHKDO;269,14 €;MONTBRISON MES BOUTIK;Flyers (particuliers + CE) - maquette + impression;15/01/2020;; -   € ; 269,14 € ;21/01/2020;Chq N°6322293;
202001156;ADH COTIS;648,00 €;BAYONNE;Adhésion 2020;16/01/2020;;648,00 €;;;;
202001157;ADH COTIS;648,00 €;AGEN;Adhésion 2020;21/01/2020;;648,00 €;;;;
202001158;ADH COTIS;648,00 €;ALBI;Adhésion 2020;21/01/2020;;648,00 €;;;;
202001159;ADH COTIS;648,00 €;ALES;Adhésion 2020;21/01/2020;; 50,00 € ; 598,00 € ;16/03/2020;Chq N°0003017;(Faire avoir CHKDO)
202001160;ADH COTIS;1 080,00 €;AMIENS;Adhésion 2020;21/01/2020;;1 080,00 €;;;;
202001161;ADH COTIS;648,00 €;CAMBRAI;Adhésion 2020;21/01/2020;;; 598,00 € ;25/02/2020;Chq N°5617005;AVOIR DE 50€ N°202003098
202001162;ADH COTIS;648,00 €;CASTRES;Adhésion 2020;21/01/2020;;; 598,00 € ;04/03/2020;Chq N°0000756;AVOIR DE 50€ N°202003099
202001163;ADH COTIS;648,00 €;DIEPPE;Adhésion 2020;21/01/2020;;648,00 €;;;;
202001164;ADH COTIS;648,00 €;DOUAI;Adhésion 2020;21/01/2020;; 50,00 € ; 598,00 € ;12/03/2020;Chq N°5275283;AVOIR DE 50€ N°202003126
202001165;ADH COTIS;252,00 €;FLERS;Adhésion 2020;21/01/2020;; -   € ; 252,00 € ;06/02/2020;Virement bancaire ;AVOIR DE 20€ N°202003127 (Demander RIB)
202001166;ADH COTIS;648,00 €;GRASSE;Adhésion 2020;21/01/2020;; 50,00 € ; 598,00 € ;03/02/2020;Virement bancaire ;AVOIR DE 50€ N°202003100
202001167;ADH COTIS;252,00 €;GUERET;Adhésion 2020;21/01/2020;; -   € ; 252,00 € ;15/03/2020;Chq N°4961066;AVOIR DE 20€ N°202003128 (Demander RIB)
202001168;ADH COTIS;252,00 €;MODANE;Adhésion 2020;21/01/2020;;252,00 €;;;;
202001169;ADH COTIS;252,00 €;NERAC;Adhésion 2020;21/01/2020;; 20,00 € ; 232,00 € ;13/02/2020;Virement bancaire ;AVOIR DE 20€ N°202003101
202001170;ADH COTIS;384,00 €;PERTUIS;Adhésion 2020;21/01/2020;; -   € ; 384,00 € ;05/03/2020;Chq N°2465166;AVOIR DE 30€ N°202003131 (Demander RIB)
202001171;ADH COTIS;252,00 €;PONTIVY;Adhésion 2020;21/01/2020;; -   € ; 252,00 € ;14/02/2020;Virement bancaire ;AVOIR DE 20€ N°202003132 (Demander RIB)
202001172;ADH COTIS;912,00 €;TOURCOING;Adhésion 2020;21/01/2020;;912,00 €;;;;
202001173;ADH COTIS;912,00 €;VILLENEUVE D'ASCQ;Adhésion 2020;21/01/2020;;912,00 €;;;;
202001174;ADH COTIS;384,00 €;MIRAMAS;Adhésion 2020;21/01/2020;; -   € ; 384,00 € ;24/02/2020;Chq N°0000960;AVOIR DE 30€ N°202003130 (Demander RIB)
202001175;ADH COTIS;360,00 €;VILLEDIEU;Adhésion 2020;21/01/2020;;360,00 €;;;;
202001176;ADH COTIS;824,60 €;LE TAMPON;Adhésion 2020;21/01/2020;; -   € ; 824,60 € ;17/02/2020;Virement bancaire ;AVOIR DE 70€ N°202003129 (Demander RIB)
202001177;ADH COTIS;384,00 €;ALBERTVILLE;Adhésion 2020;21/01/2020;; -   € ; 384,00 € ;21/02/2020;Chq N°0000112;AVOIR DE 30€ N°202003124 (Demander RIB)
202001178;ADH COTIS;384,00 €;BRIE COMTE ROBERT;Adhésion 2020;21/01/2020;;36,00 €; 348,00 € ;04/02/2020;Virement bancaire ;
202001179;ADH COTIS;252,00 €;SAINT REMY LES CHEVREUSE;Adhésion 2020;21/01/2020;;252,00 €;;;;
202001180;ADH COTIS;384,00 €;MANDELIEU LA NAPOULE;Adhésion 2020;21/01/2020;; 30,00 € ; 354,00 € ;06/02/2020;Virement bancaire ;AVOIR DE 30€ N°202003102
202001181;ADH COTIS;900,00 €;LAUSANNE;Adhésion 2020;21/01/2020;;900,00 €;;;;
202001182;ADH COTIS;540,00 €;WAVRE;Adhésion 2020;21/01/2020;; 50,00 € ; 490,00 € ;03/03/2020;Virement bancaire ;AVOIR DE 50€ N°202003103
202001183;CHKDO;1 086,00 €;MENDE ;Commande chkdo janvier 2020;23/01/2020;; -   € ; 1 086,00 € ;"20/01/2020
20/02/2020";"Chèque n°7436047
Chq N°78436059";
202001184;CHKDO;426,00 €;MORTAINAIS;Commande chkdo janvier 2020;23/01/2020;;255,60 €; 170,40 € ;14/01/2020;Virement bancaire ;
202001185;CHKDO;426,00 €;CHARLEVILLE MEZIERES;Commande chkdo janvier 2020;28/01/2020;; -   € ; 426,00 € ;"14/01/2020
02/02/2020";"Chèque n°6502204
Chq N°6502211";
202001186;CHKDO;426,00 €;ELBEUF;Commande chkdo janvier 2020;28/01/2020;; -   € ; 426,00 € ;"13/01/2020
02/02/2020";"Chèque n°0001843
Chq N°0001853";
202001187;CHKDO;3 330,00 €;CAEN;Commande chkdo janvier 2020;28/01/2020;; 3 330,00 € ;;22/01/2020;Chèque n°1755060;
202001188;ADH COTIS;252,00 €;AUNAY SUR ODON;Adhésion 2020;30/01/2020;; 252,00 € ;;;;
202001189;CHKDO;1 440,00 €;SAINT CHAMOND ;Commande chkdo janvier 2020;30/01/2020;;864,00 €; 576,00 € ;28/01/2020;Chèque n°3845329;
202001190;CHKDO;96,00 €;ELBEUF ;Modification visuel chkdo;30/01/2020;;96,00 €;;;;
202001191;CHKDO;1 350,00 €;GIVET;Commande chkdo janvier 2020;31/01/2020;;36,00 €; 1 314,00 € ;"27/01/2020
03/02/2020";"Chèque n°1662056
Chq N°1662065";
202001192;CHKDO;426,00 €;AGEN ;Commande chkdo janvier 2020;31/01/2020;;255,60 €; 170,40 € ;31/01/2020;Virement bancaire ;
202002001;ANIM;246,02 €;SAONE ET LOIRE;Frais de gestion CHKDO Janvier 2020;03/02/2020;; -   € ; 246,02 € ;03/02/2020;Virement bancaire ;
202002002;ANIM;36,31 €;LE GRAND CHAROLAIS ;Frais de gestion CHKDO Janvier 2020;03/02/2020;; -   € ; 36,31 € ;03/02/2020;Virement bancaire ;
202002003;CHKDO2;50,65 €;DEUX SEVRES ;Frais postaux CHKDO Janvier 2020;03/02/2020;; -   € ; 50,65 € ;27/02/2020;Virement bancaire ;
202002004;CHKDO;2 142,00 €;FLERS;Commande chkdo janvier 2020;10/02/2020;;20,00 €; 2 122,00 € ;17/02/2020;Virement bancaire ;
202002005;CHKDO;426,00 €;COUTANCES ;Commande chkdo janvier 2020;10/02/2020;;255,60 €; 170,40 € ;28/01/2020;Chq N°0605228;
202002006;CHKDO;426,00 €;BESANCON;Commande chkdo janvier 2020;10/02/2020;; -   € ; 426,00 € ;"20/01/2020
21/02/2020";"Chq N°8394974
Chq N°8394995";
202002007;CHKDO;1 320,00 €;BESANCON;Commande chkdo janvier 2020;10/02/2020;; -   € ; 1 320,00 € ;"28/01/2020
21/02/2020";"Chq N°8394975
Chq N°8394994";
202002008;ADH COTIS;878,85 €;ST DENIS (Réunion);Adhésion 2020;13/02/2020;; -   € ; 878,85 € ;13/03/2020;Virement bancaire;(Demande de RIB pour remboursement chkdo)
202002009;ADH COTIS;912,00 €;VANNES;Adhésion 2020;20/02/2020;; 70,00 € ; 842,00 € ;10/03/2020;Virement bancaire;AVOIR DE 70€ N°202003104
202002010;CHKDO;252,00 €;CARCASSONNE;Chéquier (75%);26/02/2020;;252,00 €;;;;
202002011;CHKDO;364,22 €;CARCASSONNE;Vitrophanies (mise au format + impression 200 ex);26/02/2020;;364,22 €;;;;
202002012;ADH COTIS;226,80 €;HAUTE CORREZE (USSEL);Adhésion 2020 + 10% de bienvenue ;27/02/2020;; 226,80 € ;;;;
202002013;ADH COTIS;226,80 €;CONDE EN NORMANDIE ;Adhésion 2020 + 10% de bienvenue ;28/02/2020;; -   € ; 226,80 € ;14/02/2020;Chq N°9111587;
202002013;ADH COTIS;226,80 €;CONDE EN NORMANDIE ;Adhésion 2020 + 10% de bienvenue ;28/02/2020;;;;;;
202003001;ANIM;72,62 €;SAONE ET LOIRE;Frais de gestion CHKDO Février 2020;02/03/2020;; -   € ; 72,62 € ;06/03/2020;Virement bancaire;
202003002;ANIM;10,20 €;LE GRAND CHAROLAIS ;Frais de gestion CHKDO Février 2020;02/03/2020;; -   € ; 10,20 € ;06/03/2020;Virement bancaire;
202003003;CHKDO2;22,35 €;DEUX SEVRES ;Frais postaux CHKDO Février 2020;02/03/2020;; -   € ; 22,35 € ;13/03/2020;Virement bancaire;
202003004;ADH COTIS;820,80 €;NARBONNE ;Adhésion 2020 + 10% de bienvenue ;03/03/2020;; -   € ; 820,80 € ;16/02/2020;Chq N°0000218;(Demande de RIB pour remboursement chkdo)
202003005;AVOIR;-70,00 €;BEAUVAIS;CHKDO -70€ sur ADH 2020;09/03/2020;;;;@ 09/03/2020;;SUR FACT 202001006
202003006;AVOIR;-90,00 €;BESANCON;CHKDO -90€ sur ADH 2020;09/03/2020;;;;@ 09/03/2020;;SUR FACT 202001008
202003007;AVOIR;-20,00 €;BOURG SAINT MAURICE;CHKDO -20€ sur ADH 2020;09/03/2020;;;;@ 09/03/2020;;SUR FACT 202001010
202003008;AVOIR;-90,00 €;BREST;CHKDO -90€ sur ADH 2020;09/03/2020;;;;@ 09/03/2020;;SUR FACT 202001011
202003009;AVOIR;-30,00 €;ALENCON;CHKDO -30€ sur ADH 2020;10/03/2020;;;;@ 10/03/2020;;SUR FACT 202001003
202003010;AVOIR;-90,00 €;CAEN;CHKDO -90€ sur ADH 2020;10/03/2020;;;;@ 10/03/2020;;SUR FACT 202001012
202003011;AVOIR;-10,00 €;CHARITE SUR LOIRE;CHKDO -10€ sur ADH 2020;10/03/2020;;;;@ 10/03/2020;;SUR FACT 202001025
202003012;AVOIR;-30,00 €;CHARLEVILLE MEZIERES;CHKDO -30€ sur ADH 2020;10/03/2020;;;;@ 10/03/2020;;SUR FACT 202001026
202003013;ADH COTIS;384,00 €;ANNONAY;Adhésion 2020;13/03/2020;;384,00 €;;;;Facture à envoyer
202003014;ADH COTIS;252,00 €;AUNAY SUR ODON;Adhésion 2020;13/03/2020;;252,00 €;;;;Facture à envoyer
202003015;ADH COTIS;252,00 €;BEAUGENCY;Adhésion 2020;13/03/2020;;252,00 €;;;;Facture à envoyer
202003016;ADH COTIS;252,00 €;BOLLENE;Adhésion 2020;13/03/2020;;252,00 €;;;;Facture à envoyer
202003017;ADH COTIS;252,00 €;BRUYERES;Adhésion 2020;13/03/2020;;252,00 €;;;;Facture à envoyer
202003018;ADH COTIS;252,00 €;CAPAVENIR VOSGES;Adhésion 2020;18/03/2020;;252,00 €;;;;Facture à envoyer
202003019;ADH COTIS;252,00 €;CAUSSADE;Adhésion 2020;18/03/2020;;252,00 €;;;;Facture à envoyer
202003020;ADH COTIS;1 392,00 €;CCI BELFORT;Adhésion 2020;18/03/2020;;1 392,00 €;;;;Facture à envoyer
202003021;ADH COTIS;252,00 €;CHATEAURENARD;Adhésion 2020;20/03/2020;;252,00 €;;;;Facture à envoyer
202003022;ADH COTIS;696,00 €;COM COM COEVRONS;Adhésion 2020;20/03/2020;;696,00 €;;;;Facture à envoyer
202003023;ADH COTIS;384,00 €;DENAIN;Adhésion 2020;20/03/2020;;384,00 €;;;;Facture à envoyer
202003024;ADH COTIS;252,00 €;DOMFRONT;Adhésion 2020;20/03/2020;;252,00 €;;;;Facture à envoyer
202003025;ADH COTIS;824,60 €;FORT DE FRANCE ;Adhésion 2020;20/03/2020;;824,60 €;;;;Facture à envoyer
202003026;ADH COTIS;387,20 €;HANNUT (Mairie);Adhésion 2020;20/03/2020;;387,20 €;;;;Facture à envoyer
202003027;ADH COTIS;252,00 €;ISSIGNY SUR MER;Adhésion 2020;20/03/2020;;252,00 €;;;;Facture à envoyer
202003028;ADH COTIS;384,00 €;LA FLECHE;Adhésion 2020;20/03/2020;;384,00 €;;;;Facture à envoyer
202003029;ADH COTIS;252,00 €;LAUNAGUET;Adhésion 2020;20/03/2020;;252,00 €;;;;Facture à envoyer
202003030;ADH COTIS;252,00 €;LE BEAUSSET;Adhésion 2020;20/03/2020;;252,00 €;;;;Facture à envoyer
202003031;ADH COTIS;648,00 €;LIEVIN;Adhésion 2020;20/03/2020;;648,00 €;;;;Facture à envoyer
202003032;ADH COTIS;648,00 €;MEYZIEU (ville);Adhésion 2020;20/03/2020;;648,00 €;;;;Facture à envoyer
202003033;ADH COTIS;384,00 €;MONTBRISON- FEURS;Adhésion 2020;23/03/2020;;384,00 €;;;;Facture à envoyer
202003034;ADH COTIS;252,00 €;MORLAIX;Adhésion 2020;23/03/2020;;252,00 €;;;;Facture à envoyer
202003035;ADH COTIS;648,00 €;NEVERS;Adhésion 2020;23/03/2020;;648,00 €;;;;Facture à envoyer
202003036;ADH COTIS;252,00 €;OIGNIES;Adhésion 2020;23/03/2020;;252,00 €;;;;Facture à envoyer
202003037;ADH COTIS;252,00 €;REMIREMONT;Adhésion 2020;23/03/2020;;252,00 €;;;;Facture à envoyer
202003038;ADH COTIS;252,00 €;RENAZE;Adhésion 2020;23/03/2020;;252,00 €;;;;Facture à envoyer
202003039;ADH COTIS;648,00 €;ROANNE;Adhésion 2020;23/03/2020;;648,00 €;;;;Facture à envoyer
202003040;ADH COTIS;252,00 €;SABLE SUR SARTHE;Adhésion 2020;23/03/2020;;252,00 €;;;;Facture à envoyer
202003041;ADH COTIS;252,00 €;SAINT ANTONIN NOBLE VAL;Adhésion 2020;23/03/2020;;252,00 €;;;;Facture à envoyer
202003042;ADH COTIS;384,00 €;SAINT CHAMOND;Adhésion 2020;23/03/2020;;384,00 €;;;;Facture à envoyer
202003043;ADH COTIS;648,00 €;THIONVILLE;Adhésion 2020;23/03/2020;;648,00 €;;;;Facture à envoyer
202003044;ADH COTIS;384,00 €;VERDUN;Adhésion 2020;23/03/2020;;384,00 €;;;;Facture à envoyer
202003045;ADH COTIS;648,00 €;VINCENNES;Adhésion 2020;23/03/2020;;648,00 €;;;;Facture à envoyer
202003046;ADH COTIS;252,00 €;VITRY LE FRANÇOIS;Adhésion 2020;23/03/2020;;252,00 €;;;;Facture à envoyer
202003047;AVOIR;-50,00 €;BLOIS;CHKDO -50€ sur ADH 2020;24/03/2020;;;;@ 02/04/2020;;SUR FACT 202001009
202003048;AVOIR;-30,00 €;CAUDRY;CHKDO -30€ sur ADH 2020;24/03/2020;;;;Verif adresse mail;;SUR FACT 202001019
202003049;AVOIR;-90,00 €;CCI MORBIHAN;CHKDO -90€ sur ADH 2020;25/03/2020;;;;@ 02/04/2020;;SUR FACT 202001021
202003050;AVOIR;-50,00 €;CHALONS EN CHAMPAGNE;CHKDO -50€ sur ADH 2020;25/03/2020;;;;@ 02/04/2020;;SUR FACT 202001023
202003051;AVOIR;-50,00 €;CHARTRES;CHKDO -50€ sur ADH 2020;25/03/2020;;;;@ 02/04/2020;;SUR FACT 202001028
202003052;AVOIR;-50,00 €;CHATELLERAULT;CHKDO -50€ sur ADH 2020;25/03/2020;;;;@ 02/04/2020;;SUR FACT 202001029
202003053;AVOIR;-70,00 €;COLMAR;CHKDO -70€ sur ADH 2020;25/03/2020;;;;@ 02/04/2020;;SUR FACT 202001030
202003054;AVOIR;-20,00 €;COM COM HAM;CHKDO -20€ sur ADH 2020;25/03/2020;;;;Verif adresse mail;;SUR FACT 202001032
202003055;AVOIR;-20,00 €;COUTANCES;CHKDO -20€ sur ADH 2020;25/03/2020;;;;@ 02/04/2020;;SUR FACT 202001034
202003056;AVOIR;-20,00 €;CREST ;CHKDO -20€ sur ADH 2020;25/03/2020;;;;@ 02/04/2020;;SUR FACT 202001035
202003057;AVOIR;-30,00 €;DAX - Asso;CHKDO -30€ sur ADH 2020;25/03/2020;;;;@ 02/04/2020;;SUR FACT 202001036
202003058;AVOIR;-30,00 €;EPERNAY;CHKDO -30€ sur ADH 2020;25/03/2020;;;;@ 02/04/2020;;SUR FACT 202001040
202003059;AVOIR;-30,00 €;FECAMPS;CHKDO -30€ sur ADH 2020;25/03/2020;;;;@ 02/04/2020;;SUR FACT 202001041
202003060;AVOIR;-20,00 €;FIGEAC;CHKDO -20€ sur ADH 2020;25/03/2020;;;;@ 02/04/2020;;SUR FACT 202001043
202003061;AVOIR;-30,00 €;FIRMINY;CHKDO -30€ sur ADH 2020;25/03/2020;;;;Verif adresse mail;;SUR FACT 202001044
202003062;AVOIR;-50,00 €;GAP;CHKDO -50€ sur ADH 2020;25/03/2020;;;;@ 02/04/2020;;SUR FACT 202001046
202003063;AVOIR;-20,00 €;GIVET;CHKDO -20€ sur ADH 2020;25/03/2020;;;;Verif adresse mail;;SUR FACT 202001048
202003064;AVOIR;-20,00 €;GUEBWILLER;CHKDO -20€ sur ADH 2020;25/03/2020;;;;@ 02/04/2020;;SUR FACT 202001050
202003065;AVOIR;-30,00 €;HENIN BEAUMONT;CHKDO -30€ sur ADH 2020;25/03/2020;;;;@ 02/04/2020;;SUR FACT 202001051
202003066;AVOIR;-20,00 €;LAMBALLE;CHKDO -20€ sur ADH 2020;25/03/2020;;;;@ 02/04/2020;;SUR FACT 202001054
202003067;AVOIR;-20,00 €;LE CHAMBON FEUGEROLLES;CHKDO -20€ sur ADH 2020;25/03/2020;;;;@ 02/04/2020;;SUR FACT 202001056
202003068;AVOIR;-30,00 €;LE PUY EN VELAY;CHKDO -30€ sur ADH 2020;25/03/2020;;;;@ 02/04/2020;;SUR FACT 202001058
202003069;AVOIR;-30,00 €;LES HERBIERS;CHKDO -30€ sur ADH 2020;25/03/2020;;;;@ 02/04/2020;;SUR FACT 202001060
202003070;AVOIR;-30,00 €;LONS LE SAUNIER (FEDE JURA);CHKDO -30€ sur ADH 2020;25/03/2020;;;;@ 02/04/2020;;SUR FACT 202001064
202003071;AVOIR;-90,00 €;Luxembourg;CHKDO -90€ sur ADH 2020;25/03/2020;;;;Verif adresse mail;;SUR FACT 202001066
202003072;AVOIR;-20,00 €;MAYENNE;CHKDO -20€ sur ADH 2020;25/03/2020;;;;Verif adresse mail;;SUR FACT 202001072
202003073;AVOIR;-50,00 €;MELUN;CHKDO -50€ sur ADH 2020;25/03/2020;;;;Verif adresse mail;;SUR FACT 202001074
202003074;AVOIR;-20,00 €;MENDE;CHKDO -20€ sur ADH 2020;25/03/2020;;;;Verif adresse mail;;SUR FACT 202001075
202003075;AVOIR;-30,00 €;MONTFORT COMMUNAUTE;CHKDO -30€ sur ADH 2020;25/03/2020;;;;@ 02/04/2020;;SUR FACT 202001079
202003076;AVOIR;-30,00 €;MORGES;CHKDO -30€ sur ADH 2020;25/03/2020;;;;@ 03/04/2020;;SUR FACT 202001081
202003077;AVOIR;-70,00 €;NANCY ;CHKDO -70€ sur ADH 2020;25/03/2020;;;;@ 03/04/2020;;SUR FACT 202001085
202003078;AVOIR;-90,00 €;NANTES;CHKDO -90€ sur ADH 2020;25/03/2020;;;;@ 03/04/2020;;SUR FACT 202001086
202003079;AVOIR;-20,00 €;ISSOIRE;CHKDO -20€ sur ADH 2020;25/03/2020;;;;@ 03/04/2020;;SUR FACT 202001089
202003080;AVOIR;-90,00 €;REIMS;CHKDO -90€ sur ADH 2020;25/03/2020;;;;@ 03/04/2020;;SUR FACT 202001095
202003081;AVOIR;-90,00 €;ROUEN;CHKDO -90€ sur ADH 2020;25/03/2020;;;;@ 03/04/2020;;SUR FACT 202001098
202003082;AVOIR;-20,00 €;SAINT AMAND MONTROND;CHKDO -20€ sur ADH 2020;25/03/2020;;;;@ 03/04/2020;;SUR FACT 202001099
202003083;AVOIR;-50,00 €;SAINT BRIEUC;CHKDO -50€ sur ADH 2020;25/03/2020;;;;@ 03/04/2020;;SUR FACT 202001100
202003084;AVOIR;-50,00 €;SAINT DIZIER;CHKDO -50€ sur ADH 2020;25/03/2020;;;;@ 03/04/2020;;SUR FACT 202001102
202003085;AVOIR;-20,00 €;SAINT JEAN DE MAURIENNE;CHKDO -20€ sur ADH 2020;25/03/2020;;;;@ 03/04/2020;;SUR FACT 202001103
202003086;AVOIR;-30,00 €;SAINT LO;CHKDO -30€ sur ADH 2020;25/03/2020;;;;@ 03/04/2020;;SUR FACT 202001104
202003087;AVOIR;-20,00 €;SAINT OMER;CHKDO -20€ sur ADH 2020;25/03/2020;;;;@ 03/04/2020;;SUR FACT 202001105
202003088;AVOIR;-20,00 €;SARLAT LA CANEDA;CHKDO -20€ sur ADH 2020;25/03/2020;;;;@ 03/04/2020;;SUR FACT 202001109
202003089;AVOIR;-30,00 €;SARREGUEMINES;CHKDO -30€ sur ADH 2020;25/03/2020;;;;@ 03/04/2020;;SUR FACT 202001110
202003090;AVOIR;-30,00 €;SELESTAT;CHKDO -30€ sur ADH 2020;25/03/2020;;;;@ 03/04/2020;;SUR FACT 202001112
202003091;AVOIR;-30,00 €;SENLIS;CHKDO -30€ sur ADH 2020;25/03/2020;;;;@ 03/04/2020;;SUR FACT 202001113
202003092;AVOIR;-90,00 €;STRASBOURG;CHKDO -90€ sur ADH 2020;25/03/2020;;;;@ 03/04/2020;;SUR FACT 202001114
202003093;AVOIR;-90,00 €;TOULON;CHKDO -90€ sur ADH 2020;25/03/2020;;;;@ 03/04/2020;;SUR FACT 202001115
202003094;AVOIR;-90,00 €;TOURS;CHKDO -90€ sur ADH 2020;25/03/2020;;;;@ 03/04/2020;;SUR FACT 202001116
202003095;AVOIR;-40,00 €;UCHVO;CHKDO -40€ sur ADH 2020;25/03/2020;;;;@ 03/04/2020;;SUR FACT 202001118
202003096;AVOIR;-20,00 €;VIRE;CHKDO -20€ sur ADH 2020;25/03/2020;;;;@ 03/04/2020;;SUR FACT 202001126
202003097;AVOIR;-30,00 €;YVERDON LES BAINS;CHKDO -30€ sur ADH 2020;25/03/2020;;;;@ 03/04/2020;;SUR FACT 202001127
202003098;AVOIR;-50,00 €;CAMBRAI;CHKDO -50€ sur ADH 2020;25/03/2020;;;;@ 03/04/2020;;SUR FACT 202001161
202003099;AVOIR;-50,00 €;CASTRES;CHKDO -50€ sur ADH 2020;25/03/2020;;;;@ 03/04/2020;;SUR FACT 202001162
202003100;AVOIR;-50,00 €;GRASSE;CHKDO -50€ sur ADH 2020;25/03/2020;;;;@ 03/04/2020;;SUR FACT 202001166
202003101;AVOIR;-20,00 €;NERAC ;CHKDO -20€ sur ADH 2020;25/03/2020;;;;@ 03/04/2020;;SUR FACT 202001169
202003102;AVOIR;-30,00 €;MANDELIEU LA NAPOULE;CHKDO -30€ sur ADH 2020;25/03/2020;;;;@ 03/04/2020;;SUR FACT 202001180
202003103;AVOIR;-50,00 €;WAVRE;CHKDO -50€ sur ADH 2020;25/03/2020;;;;@ 03/04/2020;;SUR FACT 202001182
202003104;AVOIR;-70,00 €;VANNES;CHKDO -70€ sur ADH 2020;25/03/2020;;;;@ 03/04/2020;;SUR FACT 202002009
202003105;AVOIR;-20,00 €;ACABRED (Demander RIB);CHKDO -20€ sur ADH 2020;25/03/2020;;;;@ 03/04/2020;;SUR FACT 202001001
202003106;AVOIR;-20,00 €;BELLEVILLE (Demander RIB);CHKDO -20€ sur ADH 2020;25/03/2020;;;;@ 03/04/2020;;SUR FACT 202001007
202003107;AVOIR;-20,00 €;CASTELSARRASIN (Demander RIB);CHKDO -20€ sur ADH 2020;25/03/2020;;;;@ 03/04/2020;;SUR FACT 202001018
202003108;AVOIR;-50,00 €;CCI DEUX SEVRES (Demander RIB);CHKDO -50€ sur ADH 2020;25/03/2020;;;;@ 03/04/2020;;SUR FACT 202001020
202003109;AVOIR;-30,00 €;CHARENTON LE PONT (Demander RIB);CHKDO -30€ sur ADH 2020;25/03/2020;;;;@ 03/04/2020;;SUR FACT 202001024
202003110;AVOIR;-50,00 €;CHARLEVILLE MEZIERES (Demander RIB);CHKDO -50€ sur ADH 2020;25/03/2020;;;;@ 03/04/2020;;SUR FACT 202001027
202003111;AVOIR;-30,00 €;DAX - Ville (Demander RIB);CHKDO -30€ sur ADH 2020;25/03/2020;;;;@ 03/04/2020;;SUR FACT 202001037
202003112;AVOIR;-30,00 €;ELBEUF;CHKDO -30€ sur ADH 2020;25/03/2020;;;;@ 03/04/2020;;SUR FACT 202001039
202003113;AVOIR;-20,00 €;FERNEY VOLTAIRE (Demander RIB);CHKDO -20€ sur ADH 2020;25/03/2020;;;;@ 03/04/2020;;SUR FACT 202001042
202003114;AVOIR;-70,00 €;FREJUS (Demander RIB);CHKDO -70€ sur ADH 2020;25/03/2020;;;;@ 03/04/2020;;SUR FACT 202001045
202003115;AVOIR;-20,00 €;GRANVILLE (Demander RIB);CHKDO -20€ sur ADH 2020;25/03/2020;;;;@ 03/04/2020;;SUR FACT 202001049
202003116;AVOIR;-20,00 €;LA FERTE SOUS JOUARRE (Demander RIB);CHKDO -20€ sur ADH 2020;25/03/2020;;;;@ 03/04/2020;;SUR FACT 202001053
202003117;AVOIR;-20,00 €;LONGWY (Demander RIB);CHKDO -20€ sur ADH 2020;25/03/2020;;;;@ 03/04/2020;;SUR FACT 202001063
202003118;AVOIR;-30,00 €;LUNEVILLE (Demander RIB);CHKDO -30€ sur ADH 2020;25/03/2020;;;;@ 03/04/2020;;SUR FACT 202001065
202003119;AVOIR;-50,00 €;MONTBRISON MES BOUTIK (Demander RIB);CHKDO -50€ sur ADH 2020;25/03/2020;;;;@ 03/04/2020;;SUR FACT 202001078
202003120;AVOIR;-50,00 €;PERIGUEUX (Demander RIB);CHKDO -50€ sur ADH 2020;25/03/2020;;;;@ 03/04/2020;;SUR FACT 202001091
202003121;AVOIR;-20,00 €;REVEL (Demander RIB);CHKDO -20€ sur ADH 2020;25/03/2020;;;;@ 03/04/2020;;SUR FACT 202001097
202003122;AVOIR;-70,00 €;ST PIERRE (Demander RIB);CHKDO -70€ sur ADH 2020;25/03/2020;;;;@ 03/04/2020;;SUR FACT 202001106
202003123;ADH COTIS;820,80 €;ST LOUIS (& Environs);Adhésion 2020;25/03/2020;;820,80 €;;;;
202003124;AVOIR;-30,00 €;ALBERTVILLE (Demander RIB);CHKDO -30€ sur ADH 2020;26/03/2020;;;;@ 03/04/2020;;SUR FACT 202001177
202003125;AVOIR;-50,00 €;ALES;CHKDO -50€ sur ADH 2020;26/03/2020;;;;@ 03/04/2020;;SUR FACT 202001159
202003126;AVOIR;-50,00 €;DOUAI;CHKDO -50€ sur ADH 2020;26/03/2020;;;;@ 03/04/2020;;SUR FACT 202001164
202003127;AVOIR;-20,00 €;FLERS (Demander RIB);CHKDO -20€ sur ADH 2020;26/03/2020;;;;@ 03/04/2020;;SUR FACT 202001165
202003128;AVOIR;-20,00 €;GUERET (Demander RIB);CHKDO -20€ sur ADH 2020;26/03/2020;;;;@ 03/04/2020;;SUR FACT 202001167
202003129;AVOIR;-70,00 €;LE TAMPON (Demander RIB);CHKDO -70€ sur ADH 2020;26/03/2020;;;;@ 03/04/2020;;SUR FACT 202001176
202003130;AVOIR;-30,00 €;MIRAMAS (Demander RIB);CHKDO -30€ sur ADH 2020;26/03/2020;;;;@ 03/04/2020;;SUR FACT 202001174
202003131;AVOIR;-30,00 €;PERTUIS (Demander RIB);CHKDO -30€ sur ADH 2020;26/03/2020;;;;@ 03/04/2020;;SUR FACT 202001170
202003132;AVOIR;-20,00 €;PONTIVY (Demander RIB);CHKDO -20€ sur ADH 2020;26/03/2020;;;;@ 03/04/2020;;SUR FACT 202001171
202003133;AVOIR;-70,00 €;VALENCE (Demander RIB);CHKDO -70€ sur ADH 2020;26/03/2020;;;;@ 03/04/2020;;SUR FACT 202001120
202003134;AVOIR;-30,00 €;VIERZON;CHKDO -30€ sur ADH 2020;26/03/2020;;;;@ 03/04/2020;;SUR FACT 202001123
202003135;AVOIR;-90,00 €;SAONE ET LOIRE;CHKDO -90€ sur ADH 2020;26/03/2020;;;;@ 03/04/2020;Vir le 03/04;SUR FACT 202001108
202003136;AVOIR;-20,00 €;VERNEUIL D'AVRE ET D'ITTON (Demander RIB);CHKDO -20€ sur ADH 2020;26/03/2020;;;;@ 03/04/2020;;SUR FACT 202001121
202003137;AVOIR;-70,00 €;CCI SEINE ESTUAIRE (Demander RIB);CHKDO -70€ sur ADH 2020;26/03/2020;;;;@ 03/04/2020;;SUR FACT 202001022
202004001;ANIM;11,83 €;SAONE ET LOIRE;Frais de gestion CHKDO Mars 2020;06/04/2020;;11,83 €;;;;
202004002;ANIM;4,49 €;GRAND CHAROLAIS;Frais de gestion CHKDO Mars 2020;06/04/2020;;4,49 €;;;;
202004003;CHKDO 2 ;;DEUX SEVRES ;Frais postaux CHKDO Mars 2020 ;06/04/2020;;0,00 €;;;;
202004004;CHKDO 2 ;11,85 €;ALENCON;Frais postaux CHKDO 1er trimestre 2020;06/04/2020;;11,85 €;;;;
202004005;CHKDO 2 ;48,15 €;ARGENTAN;Frais postaux CHKDO 1er trimestre 2020;06/04/2020;;48,15 €;;;;
202004006;CHKDO 2 ;64,50 €;BELFORT ;Frais postaux CHKDO 1er trimestre 2020;06/04/2020;;64,50 €;;;;
202004007;CHKDO 2 ;6,65 €;BOURG SAINT MAURICE;Frais postaux CHKDO 1er trimestre 2020;06/04/2020;;6,65 €;;;;
202004008;CHKDO 2 ;7,85 €;CARENTAN;Frais postaux CHKDO 1er trimestre 2020;06/04/2020;;7,85 €;;;;
202004009;CHKDO 2 ;32,60 €;LE GRAND CHAROLAIS ;Frais postaux CHKDO 1er trimestre 2020;06/04/2020;;32,60 €;;;;
202004010;CHKDO 2 ;18,00 €;LE TEIL;Frais postaux CHKDO 1er trimestre 2020;06/04/2020;;18,00 €;;;;
202004011;CHKDO 2 ;13,30 €;LONGWY;Frais postaux CHKDO 1er trimestre 2020;06/04/2020;;13,30 €;;;;
202004012;CHKDO 2 ;15,70 €;MONTFORT COMMUNAUTE;Frais postaux CHKDO 1er trimestre 2020;06/04/2020;;15,70 €;;;;
202004013;CHKDO 2 ;12,65 €;PONT A MOUSSON;Frais postaux CHKDO 1er trimestre 2020;06/04/2020;;12,65 €;;;;
202004014;CHKDO 2 ;21,65 €;SAINT CHAMOND;Frais postaux CHKDO 1er trimestre 2020;06/04/2020;;21,65 €;;;;
202004015;CHKDO 2 ;13,30 €;SAONE ET LOIRE;Frais postaux CHKDO 1er trimestre 2020;06/04/2020;;13,30 €;;;;
202004016;CHKDO 2 ;21,15 €;SARREGUEMINES;Frais postaux CHKDO 1er trimestre 2020;06/04/2020;;21,15 €;;;;
202004017;CHKDO 2 ;24,70 €;SAVERNE;Frais postaux CHKDO 1er trimestre 2020;06/04/2020;;24,70 €;;;;
202004018;CHKDO 2 ;6,65 €;UCHVO;Frais postaux CHKDO 1er trimestre 2020;06/04/2020;;6,65 €;;;;
202004019;CHKDO 2 ;22,85 €;VILLAINES LA JUHEL ;Frais postaux CHKDO 1er trimestre 2020;06/04/2020;;22,85 €;;;;
